Actuarial Advice,Accounting
Audits,Accounting
Bookkeeping,Accounting
Business Accounting & Advice,Accounting
Business Analysis,Accounting
Business Planning,Accounting
CFO,Accounting
Financial Advice,Accounting
Financial Analysis,Accounting
Funds Management,Accounting
GST & Indirect Tax,Accounting
Mergers & Acquisitions,Accounting
MYOB,Accounting
Payroll Tax,Accounting
Personal Tax Returns & Advice,Accounting
Quickbooks & Quicken,Accounting
Raising Capital,Accounting
Risk & Compliance,Accounting
Saasu,Accounting
Superannuation,Accounting
Tax Law,Accounting
Xero,Accounting
AC Installation & Repair,Air Conditioning & Heating
Air Conditioning Cleaning,Air Conditioning & Heating
Air Conditioning Parts,Air Conditioning & Heating
Air Conditioning Suppliers,Air Conditioning & Heating
Automotive Air Conditioning,Air Conditioning & Heating
Duct Cleaning,Air Conditioning & Heating
Duct Installation,Air Conditioning & Heating
Ducted Air Conditioning,Air Conditioning & Heating
Ducted Gas Heating,Air Conditioning & Heating
Evaporative Cooling,Air Conditioning & Heating
Heating Installation & Repair,Air Conditioning & Heating
Refrigeration,Air Conditioning & Heating
Reverse Cycle Air Conditioning,Air Conditioning & Heating
Split System Air Conditioning,Air Conditioning & Heating
Vent Installation,Air Conditioning & Heating
24/7 Monitoring,Alarms & Security
Access Control,Alarms & Security
Alarm Monitoring,Alarms & Security
Alarm System Suppliers,Alarms & Security
Alarm Systems,Alarms & Security
CCTV,Alarms & Security
Grilles,Alarms & Security
Home Security,Alarms & Security
Intercom Systems,Alarms & Security
Roller Shutters,Alarms & Security
Security Card Access,Alarms & Security
Security Guards,Alarms & Security
Security Systems,Alarms & Security
Clothes Dryer Installation,Appliance Installation & Repairs
Clothes Dryer Repair,Appliance Installation & Repairs
Cooktop Installation,Appliance Installation & Repairs
Cooktop Repair,Appliance Installation & Repairs
Dishwasher Installation,Appliance Installation & Repairs
Dishwasher Repair,Appliance Installation & Repairs
Fridge & Freezer Repair,Appliance Installation & Repairs
Heater Installation,Appliance Installation & Repairs
Heater Repair,Appliance Installation & Repairs
Kitchen Appliance Installation,Appliance Installation & Repairs
Kitchen Appliance Repair,Appliance Installation & Repairs
Mobile Phone Repair,Appliance Installation & Repairs
Oven & Stove Repair,Appliance Installation & Repairs
Oven Installation,Appliance Installation & Repairs
Rangehood Installation,Appliance Installation & Repairs
Rangehood Repair,Appliance Installation & Repairs
Samsung Repair,Appliance Installation & Repairs
Television & DVD Repair,Appliance Installation & Repairs
Television Installation,Appliance Installation & Repairs
Television Repair,Appliance Installation & Repairs
Washing Machine Installation,Appliance Installation & Repairs
Washing Machine Repair,Appliance Installation & Repairs
3D Modelling,Architecture & Residential Design
Architecture For Extensions,Architecture & Residential Design
CAD drawing,Architecture & Residential Design
Chemical Engineering,Architecture & Residential Design
Civil Engineering,Architecture & Residential Design
Commercial Architecture,Architecture & Residential Design
Development Approvals,Architecture & Residential Design
Development Assessments,Architecture & Residential Design
Drawing & Drafting,Architecture & Residential Design
Electrical Engineering,Architecture & Residential Design
Environmental Engineering,Architecture & Residential Design
Heritage Architecture,Architecture & Residential Design
Industrial Engineering,Architecture & Residential Design
Mechanical Engineering,Architecture & Residential Design
Project Management,Architecture & Residential Design
Renovations & Extensions,Architecture & Residential Design
Residential Architecture,Architecture & Residential Design
Restoration Architecture,Architecture & Residential Design
Software Engineering,Architecture & Residential Design
Structural Engineering,Architecture & Residential Design
Town Planning,Architecture & Residential Design
Asbestos Clearance,Asbestos Removal
Asbestos Inspections,Asbestos Removal
Asbestos Monitoring,Asbestos Removal
Asbestos Removal,Asbestos Removal
Commercial Asbestos Removal,Asbestos Removal
Emergency Asbestos Removal,Asbestos Removal
Hazardous Chemical Removal,Asbestos Removal
Site Decontamination,Asbestos Removal
Small Asbestos Clean-Ups,Asbestos Removal
,Automotive
Auto Electrics,Automotive
Auto Parts Recycling,Automotive
Car Alarms,Automotive
Car Battery Suppliers,Automotive
Car Cleaning & Detailing,Automotive
Car Mechanics,Automotive
Car Spray Painting,Automotive
Child Seat Installation,Automotive
Crushing & Pulverising Services,Automotive
Engine Reconditioning,Automotive
Exhaust Systems,Automotive
Motorcycle Mechanics,Automotive
Mufflers & Exhausts,Automotive
Panel Beating,Automotive
Power Steering,Automotive
Shock Absorbers,Automotive
Smash Repairs,Automotive
Suspension Repairs,Automotive
Tyres,Automotive
Wheels & Rims,Automotive
"Windscreens, Glass & Tinting",Automotive
Beauty Salons,Beauty
Day Spas,Beauty
Dermatology,Beauty
Diet & Nutrition,Beauty
Eyelash Extensions,Beauty
Facial,Beauty
Hair & Makeup,Beauty
Hair Extensions,Beauty
Hair Removal Services,Beauty
Hair Replacement Services,Beauty
Hair Styling,Beauty
Manicures,Beauty
Massage Therapy,Beauty
Pedicures,Beauty
Spray Tanning,Beauty
Teeth Whitening,Beauty
Tinting,Beauty
Waxing,Beauty
